name,Twitter URL,YouTube URL,Facebook URL,LinkedIn URL,Instagram URL
Abiquo Group,,https://www.youtube.com/,https://www.facebook.com/abiquo/,https://uk.linkedin.com/company/abiquo,https://www.instagram.com/
aBIZinaBOX,,https://www.youtube.com/@Abizinabox,https://www.facebook.com/abizinaboxInc/,https://www.linkedin.com/company/abizinabox-com,https://www.instagram.com/abizinabox_inc/
ABK Biomedical,https://twitter.com/hashtag/interventionalRadiology?src=hash,https://www.youtube.com/@ABKBiomedical/videos,https://www.facebook.com/pages/ABK-Biomedical/540746509688312,https://www.linkedin.com/company/abk-biomedical-inc-,https://www.instagram.com/official__a.b.k/
ABL,https://twitter.com/Official_ABL/status/1508397317992423424,,https://www.facebook.com/p/ABL-Official-100067701520614/,https://bd.linkedin.com/company/accabanglalecture-abl-official,https://www.instagram.com/abl__official/
ABL Farms,,https://www.youtube.com/watch?v=zTyxBVUWtaw,,https://www.linkedin.com/company/abl-farms-exports,
Ablative Solutions,,https://www.youtube.com/playlist?list=PLvZ5VHRvg6wZeWzlVjlM8LFbInH5jFRmA,https://www.facebook.com/Ablative-Solutions-Inc-1983305931990209/,https://www.linkedin.com/company/ablative-solutions,https://www.instagram.com/
Able Device,https://twitter.com/edgedev/status/1252353913182797825,https://www.youtube.com/channel/UCNCM6tF1Hw81W8-iWvKZ0ng/videos,https://facebook.com/,,https://about.instagram.com/blog/announcements/keeping-instagram-safe-and-secure
Able Imaging,https://ads.twitter.com/mobile/v1/get_started,https://tv.youtube.com/welcome/,https://www.facebook.com/people/Able-Imaging/100066969451346/,,https://about.instagram.com/blog/announcements/doubling-up-on-instagram-live-with-live-rooms
Able Planet,https://ads.twitter.com/mobile/v1/get_started,https://www.youtube.com/AblePlanetInc,https://research.facebook.com/blog/2020/3/introducing-facebooks-gender-disaggregated-displacement-maps/,https://www.linkedin.com/company/able-planet,https://www.instagram.com/
AbleSky,https://about.twitter.com/content/dam/about-twitter/en/brand-toolkit/downloads/twitter-external-brand-guidelines-01272021.pdf,,https://www.facebook.com/AbleSky-511856728888476/,https://www.linkedin.com/company/ablesky-inc,https://www.instagram.com/ablesky245/
Ablexis,,https://www.youtube.com/c/AlexisOfficial/videos,https://facebook.com/,https://www.linkedin.com/company/ablexis,https://www.instagram.com/alexis_.official_/
Abloomy,https://analytics.twitter.com/i/adsct?txn_id=l4n29&p_id=Twitter,https://www.youtube.com/@AbloomyLife,https://www.facebook.com/AbloomyCloud/,https://www.linkedin.com/company/abloomy-technologies-inc-,https://www.instagram.com/abloomytechnologiesinc/
Ablynx,https://developer.twitter.com/apitools/,https://www.youtube.com/watch?v=saspxfoUcQg,,https://in.linkedin.com/company/ablynx,https://www.instagram.com/
ABO Data,https://twitter.com/i/events/934045674655580161,https://www.youtube.com/@abo_official17,,https://www.linkedin.com/company/abo-data,https://www.instagram.com/
ABODO,https://twitter.com/elhussiney_abdo,,https://facebook.com/,,https://www.instagram.com/abdo_offlcyal/
Abound Logic,https://developer.twitter.com/apitools/,,https://www.facebook.com/helloabound/,https://au.linkedin.com/company/bound-by-logic,
Abound Solar,https://twitter.com/ENVTubersOOC/media,https://www.youtube.com/watch?v=-1T2DbnXcZQ,https://www.facebook.com/Abound-Solar-111209038898591/,https://www.linkedin.com/company/abound-solar,
about.me,https://twitter.com/Panthers/status/883326684581253120,https://www.youtube.com/watch?v=iRc-0zredLg,https://developers.facebook.com/community/threads/858913019868511/,https://www.linkedin.com/company/about.me,https://www.instagram.com/about.me_official/channel/
AboutMyStar,https://twitter.com/aboutmystar,https://www.youtube.com/watch?v=BSL4507Y1u0,https://www.facebook.com/MYSTAR.OFFICIAL/,https://in.linkedin.com/company/reservebankofindia,https://www.instagram.com/
AboutOne,https://twitter.com/LoLJPOfficial/media,https://www.youtube.com/watch?v=cXlTm3CIubE,https://www.facebook.com/aboutone?v=wall,,https://www.instagram.com/?hl=en
